{
	"class_name" : "PinholeCameraParameters",
	"extrinsic" : 
	[
		1.0,
		-0.0,
		-0.0,
		0.0,
		0.0,
		-1.0,
		-0.0,
		0.0,
		0.0,
		-0.0,
		-1.0,
		0.0,
		0.33348439791388529,
		0.13214041403933408,
		188.92005532796748,
		1.0
	],
	"intrinsic" : 
	{
		"height" : 800,
		"intrinsic_matrix" : 
		[
			692.82032302755101,
			0.0,
			0.0,
			0.0,
			692.82032302755101,
			0.0,
			639.5,
			399.5,
			1.0
		],
		"width" : 1280
	},
	"version_major" : 1,
	"version_minor" : 0
}